{
    "learning_rate": 0.04666963767236924,
    "n_estimators": 633,
    "num_leaves": 41,
    "max_depth": 14,
    "min_child_samples": 21,
    "subsample": 0.5325257964926398,
    "colsample_bytree": 0.9744427686266666,
    "reg_alpha": 4.905556676028766,
    "reg_lambda": 0.1886149587855396
}